Timestamp,Target,MotorPWM,Encoder
4720,0,0,0
4736,0,0,0
4751,0,0,0
4766,0,0,0
4781,0,0,0
4796,0,0,0
4811,0,0,0
4826,0,0,0
4841,0,0,0
4856,0,0,0
4871,0,0,0
4886,0,0,0
4901,0,0,0
4916,0,0,0
4931,0,0,0
4946,0,0,0
4961,0,0,0
4976,0,0,0
4992,0,0,0
5007,0,0,0
5022,0,0,0
5037,0,0,0
5052,0,0,0
5067,0,0,0
5082,0,0,0
5097,0,0,0
5112,0,0,0
5127,0,0,0
5142,0,0,0
5157,0,0,0
5172,0,0,0
5187,0,0,0
5202,0,0,0
5217,0,0,0
5232,0,0,0
5248,0,0,0
5263,0,0,0
5278,0,0,0
5293,0,0,0
5308,0,0,0
5323,0,0,0
5338,0,0,0
5353,0,0,0
5368,0,0,0
5383,0,0,0
5398,0,0,0
5413,0,0,0
5428,0,0,0
5443,0,0,0
5458,0,0,0
5473,0,0,0
5488,0,0,0
5504,0,0,0
5519,0,0,0
5534,0,0,0
5549,0,0,0
5564,0,0,0
5579,0,0,0
5594,0,0,0
5609,0,0,0
5624,0,0,0
5639,0,0,0
5654,0,0,0
5669,0,0,0
5684,0,0,0
5699,0,0,0
5714,0,0,0
5729,0,0,0
5744,0,0,0
5760,0,0,0
5775,0,0,0
5790,0,0,0
5805,0,0,0
5820,0,0,0
5835,0,0,0
5850,0,0,0
5865,0,0,0
5880,0,0,0
5895,0,0,0
5910,0,0,0
5925,0,0,0
5940,0,0,0
5955,0,0,0
5970,0,0,0
5985,0,0,0
6000,0,0,0
6016,0,0,0
6031,0,0,0
6046,0,0,0
6061,0,0,0
6076,0,0,0
6091,0,0,0
6106,0,0,0
6121,0,0,0
6136,0,0,0
6151,0,0,0
6166,0,0,0
6181,0,0,0
6196,0,0,0
6211,0,0,0
6226,0,0,0
6241,0,0,0
6256,0,0,0
6272,0,0,0
6287,0,0,0
6302,0,0,0
6317,0,0,0
6332,0,0,0
6347,0,0,0
6362,0,0,0
6377,0,0,0
6392,0,0,0
6407,0,0,0
6422,0,0,0
6437,0,0,0
6452,0,0,0
6467,0,0,0
6482,0,0,0
6497,0,0,0
6512,0,0,0
6528,0,0,0
6543,0,0,0
6558,0,0,0
6573,0,0,0
6588,0,0,0
6603,0,0,0
6619,0,0,0
6634,0,0,0
6649,0,0,0
6666,0,0,0
6681,0,0,0
6696,0,0,0
6712,0,0,0
6728,0,0,0
6744,0,0,0
6759,0,0,0
6774,0,0,0
6791,0,0,0
6806,0,0,0
6821,0,0,0
6837,0,0,0
6853,0,0,0
6868,0,0,0
6884,0,0,0
6899,0,0,0
6915,0,0,0
6931,0,0,0
6946,0,0,0
6962,0,0,0
6977,0,0,0
6993,0,0,0
7009,0,0,0
7024,0,0,0
7040,0,0,0
7056,0,0,0
7071,0,0,0
7087,0,0,0
7102,0,0,0
7118,0,0,0
7134,0,0,0
7149,0,0,0
7164,0,0,0
7180,0,0,0
7196,0,0,0
7212,0,0,0
7227,0,0,0
7242,0,0,0
7259,0,0,0
7274,0,0,0
7289,0,0,0
7305,0,0,0
7321,0,0,0
7336,0,0,0
7352,0,0,0
7367,0,0,0
7383,0,0,0
7399,0,0,0
7414,0,0,0
7430,0,0,0
7445,0,0,0
7461,0,0,0
7477,0,0,0
7492,0,0,0
7507,0,0,0
7524,0,0,0
7539,0,0,0
7555,0,0,0
7570,0,0,0
7586,0,0,0
7602,0,0,0
7617,0,0,0
7632,0,0,0
7648,0,0,0
7664,0,0,0
7680,0,0,0
7695,0,0,0
7710,0,0,0
7727,0,0,0
7742,0,0,0
7757,0,0,0
7773,0,0,0
7789,0,0,0
7804,0,0,0
7820,0,0,0
7835,0,0,0
7852,0,0,0
7867,0,0,0
7882,0,0,0
7898,0,0,0
7913,0,0,0
7929,0,0,0
7945,0,0,0
7960,0,0,0
7975,0,0,0
7992,0,0,0
8007,0,0,0
8023,0,0,0
8038,0,0,0
8054,0,0,0
8070,0,0,0
8085,0,0,0
8100,0,0,0
8117,0,0,0
8132,0,0,0
8147,0,0,0
8163,0,0,0
8178,0,0,0
8195,0,0,0
8210,0,0,0
8225,0,0,0
8241,0,0,0
8257,0,0,0
8272,0,0,0
8288,0,0,0
8303,0,0,0
8320,0,0,0
8335,0,0,0
8350,0,0,0
8366,0,0,0
8381,0,0,0
8397,0,0,0
8413,0,0,0
8428,0,0,0
8443,0,0,0
8460,0,0,0
8475,0,0,0
8491,0,0,0
8506,0,0,0
8522,0,0,0
8538,0,0,0
8553,0,0,0
8568,0,0,0
8585,0,0,0
8600,0,0,0
8615,0,0,0
8631,0,0,0
8646,0,0,0
8663,0,0,0
8678,0,0,0
8693,0,0,0
8709,0,0,0
8725,0,0,0
8740,0,0,0
8756,0,0,0
8771,0,0,0
8787,0,0,0
8803,0,0,0
8818,0,0,0
8834,0,0,0
8850,0,0,0
8865,0,0,0
8881,0,0,0
8896,0,0,0
8911,0,0,0
8928,0,0,0
8943,0,0,0
8958,0,0,0
8974,0,0,0
8990,0,0,0
9006,0,0,0
9021,0,0,0
9036,0,0,0
9053,0,0,0
9068,5000,70,69
9089,5000,70,321
9110,5000,70,685
9133,5000,70,1112
9155,5000,70,1583
9178,5000,70,2065
9201,5000,70,2577
9224,5000,70,3076
9247,5000,70,3584
9270,5000,70,4061
9292,5000,70,4565
9316,5000,70,5071
9338,5000,70,5397
9361,5000,70,5234
9384,5000,0,4968
9406,5000,0,4855
9427,5000,70,4891
9451,5000,0,5027
9473,5000,0,5020
9494,5000,0,5015
9517,5000,0,5015
9538,5000,0,5014
9560,5000,0,5013
9582,5000,0,5013
9604,5000,0,5013
9625,5000,0,5013
9648,5000,0,5013
9669,5000,0,5013
9691,5000,0,5013
9712,5000,0,5013
9735,5000,0,5013
9756,5000,0,5013
9778,5000,0,5013
9800,5000,0,5013
9822,5000,0,5013
9843,5000,0,5013
9866,5000,0,5013
9887,5000,0,5013
9909,5000,0,5013
9931,5000,0,5013
9953,5000,0,5013
9974,5000,0,5013
9997,5000,0,5013
10018,5000,0,5013
10041,5000,0,5013
10064,5000,0,5013
10087,5000,0,5013
10109,5000,0,5013
10133,5000,0,5013
10156,5000,0,5013
10178,5000,0,5013
10202,5000,0,5013
10224,5000,0,5013
10248,5000,0,5013
10270,5000,0,5013
10293,5000,0,5013
10316,5000,0,5013
10339,5000,0,5013
10361,5000,0,5013
10385,5000,0,5013
10407,5000,0,5013
10430,5000,0,5013
10454,5000,0,5013
10476,5000,0,5013
10499,5000,0,5013
10522,5000,0,5013
10545,5000,0,5013
10567,5000,0,5013
10591,5000,0,5013
10613,5000,0,5013
10636,5000,0,5013
10659,5000,0,5013
10682,5000,0,5013
10704,5000,0,5013
10728,5000,0,5013
10750,5000,0,5013
10773,5000,0,5013
10797,5000,0,5013
10819,5000,0,5013
10842,5000,0,5013
10865,5000,0,5013
10888,5000,0,5013
10910,5000,0,5013
10934,5000,0,5013
10956,5000,0,5013
10980,5000,0,5013
11002,5000,0,5013
11025,5000,0,5013
11048,5000,0,5013
11071,5000,0,5013
11094,5000,0,5013
11117,5000,0,5013
11140,5000,0,5013
11162,5000,0,5013
11186,5000,0,5013
11208,5000,0,5013
11231,5000,0,5013
11254,5000,0,5013
11277,5000,0,5013
11299,5000,0,5013
11323,5000,0,5013
11345,5000,0,5013
11368,5000,0,5013
11392,5000,0,5013
11414,5000,0,5013
11437,5000,0,5013
11460,5000,0,5013
11483,5000,0,5013
11505,5000,0,5013
11529,5000,0,5013
11551,0,30,4977
11572,0,30,4841
11593,0,30,4664
11614,0,30,4458
11634,0,30,4244
11656,0,30,4027
11676,0,30,3806
11697,0,30,3592
11718,0,30,3375
11739,0,30,3153
11759,0,30,2936
11781,0,30,2714
11801,0,30,2496
11822,0,30,2275
11843,0,30,2055
11864,0,30,1834
11884,0,30,1618
11905,0,30,1396
11926,0,30,1177
11947,0,30,958
11966,0,30,750
11986,0,30,543
12006,0,30,330
12025,0,30,124
12046,0,0,-50
12064,0,0,-129
12084,0,0,-147
12103,0,0,-146
12124,0,0,-146
12143,0,0,-146
12163,0,0,-146
12183,0,0,-146
12203,0,0,-146
12222,0,0,-146
12241,0,0,-146
12262,0,0,-146
12281,0,0,-146
12301,0,0,-146
12321,0,0,-146
12341,0,0,-146
12360,0,0,-146
12381,0,0,-146
12400,0,0,-146
12420,0,0,-146
12439,0,0,-146
12460,0,0,-146
12479,0,0,-146
12498,0,0,-146
12519,0,0,-146
12538,0,0,-146
12558,0,0,-146
12578,0,0,-146
12598,0,0,-146
12617,0,0,-146
12637,0,0,-146
12657,0,0,-146
12677,0,0,-146
12696,0,0,-146
12717,0,0,-146
12736,0,0,-146
12755,0,0,-146
12776,0,0,-146
12795,0,0,-146
12815,0,0,-146
12834,0,0,-146
12855,0,0,-146
12874,0,0,-146
12894,0,0,-146
12914,0,0,-146
12934,0,0,-146
12953,0,0,-146
12973,0,0,-146
12993,0,0,-146
13012,0,0,-146
13032,0,0,-146
13052,0,0,-146
13072,0,0,-146
13091,0,0,-146
13112,0,0,-146
13131,0,0,-146
13151,0,0,-146
13170,0,0,-146
13191,0,0,-146
13210,0,0,-146
13230,0,0,-146
13250,0,0,-146
13270,0,0,-146
13289,0,0,-146
13309,0,0,-146
13329,0,0,-146
13348,0,0,-146
13368,0,0,-146
13388,0,0,-146
13408,0,0,-147
13427,0,0,-146
13448,0,0,-146
13467,0,0,-146
13487,0,0,-146
13506,7000,70,-45
13530,7000,70,257
13552,7000,70,660
13576,7000,70,1117
13599,7000,70,1627
13623,7000,70,2132
13647,7000,70,2646
13671,7000,70,3128
13694,7000,70,3644
13719,7000,70,4163
13743,7000,70,4687
13766,7000,70,5198
13791,7000,70,5711
13814,7000,70,6244
13838,7000,70,6759
13862,7000,0,7161
13885,7000,70,7244
13910,7000,70,6968
13933,7000,0,6648
13956,7000,70,6631
13980,7000,70,6888
14004,7000,0,7121
14026,7000,70,7107
14051,7000,0,6897
14073,7000,0,6814
14096,7000,70,6906
14120,7000,0,7081
14143,7000,0,7100
14166,7000,0,7087
14189,7000,0,7087
14212,7000,0,7085
14234,7000,0,7084
14258,7000,0,7084
14280,7000,0,7084
14303,7000,0,7084
14326,7000,0,7084
14349,7000,0,7084
14371,7000,0,7084
14395,7000,0,7084
14417,7000,0,7084
14441,7000,0,7084
14464,7000,0,7084
14486,7000,0,7084
14510,7000,0,7084
14532,7000,0,7084
14555,7000,0,7084
14578,7000,0,7084
14601,7000,0,7084
14623,7000,0,7084
14647,7000,0,7084
14669,7000,0,7084
14692,7000,0,7084
14715,7000,0,7084
14738,7000,0,7084
14760,7000,0,7084
14784,7000,0,7084
14807,7000,0,7084
14829,7000,0,7084
14853,7000,0,7084
14875,7000,0,7084
14898,7000,0,7084
14921,7000,0,7084
14944,7000,0,7084
14966,7000,0,7084
14990,7000,0,7084
15012,7000,0,7084
15035,7000,0,7084
15058,7000,0,7084
15081,7000,0,7084
15104,7000,0,7084
15127,7000,0,7084
15150,7000,0,7084
15173,7000,0,7084
15196,7000,0,7084
15218,7000,0,7084
15242,7000,0,7084
15264,7000,0,7084
15287,7000,0,7084
15310,7000,0,7084
15333,7000,0,7084
15355,7000,0,7084
15379,7000,0,7084
15401,7000,0,7084
15424,7000,0,7084
15448,7000,0,7084
15470,7000,0,7084
15493,7000,0,7084
15516,7000,0,7084
15539,7000,0,7084
15561,7000,0,7084
15585,7000,0,7084
15607,7000,0,7084
15630,7000,0,7084
15653,7000,0,7084
15676,7000,0,7084
15698,7000,0,7084
15722,7000,0,7084
15745,7000,0,7084
15767,7000,0,7084
15791,7000,0,7084
15813,7000,0,7084
15836,7000,0,7084
15859,7000,0,7084
15882,7000,0,7084
15905,7000,0,7084
15928,7000,0,7084
15950,7000,0,7084
15974,7000,0,7084
15996,7000,0,7084
16019,7000,0,7084
16043,7000,0,7084
16065,7000,0,7084
16088,7000,0,7084
16111,7000,0,7084
16134,7000,0,7084
16156,7000,0,7084
16180,7000,0,7084
16202,0,30,7043
16223,0,30,6902
16244,0,30,6715
16265,0,30,6508
16285,0,30,6294
16307,0,30,6075
16327,0,30,5850
16348,0,30,5620
16368,0,30,5394
16390,0,30,5173
16410,0,30,4944
16431,0,30,4712
16452,0,30,4480
16473,0,30,4246
16493,0,30,4014
16515,0,30,3780
16535,0,30,3552
16556,0,30,3327
16577,0,30,3106
16598,0,30,2883
16618,0,30,2664
16640,0,30,2442
16660,0,30,2224
16680,0,30,2004
16701,0,30,1782
16722,0,30,1560
16743,0,30,1344
16763,0,30,1121
16785,0,30,907
16804,0,30,690
16824,0,30,483
16844,0,30,276
16864,0,30,69
16882,0,0,-94
16902,0,0,-178
16921,0,30,-185
16942,0,30,-85
16961,0,0,0
16978,0,0,15
16996,0,0,24
17013,0,0,27
17031,0,0,27
17049,0,0,27
17067,0,0,27
17084,0,0,27
17102,0,0,27
17120,0,0,27
17137,0,0,27
17155,0,0,27
17173,0,0,27
17190,0,0,27
17208,0,0,27
17225,0,0,27
17244,0,0,27
17261,0,0,27
17278,0,0,27
17296,0,0,27
17314,0,0,27
17332,0,0,27
17349,0,0,27
17367,0,0,27
17385,0,0,27
17402,0,0,27
17420,0,0,27
17438,0,0,27
17456,0,0,27
17473,0,0,27
17490,0,0,27
17509,0,0,27
17526,0,0,27
17544,0,0,27
17561,0,0,27
17580,0,0,27
17597,0,0,27
17614,0,0,27
17632,0,0,27
17650,0,0,27
17668,0,0,27
17685,0,0,27
17703,0,0,27
17721,0,0,27
17738,0,0,27
17756,0,0,27
17774,0,0,27
17792,0,0,27
17809,0,0,27
17826,0,0,27
17845,0,0,27
17862,0,0,27
17880,0,0,27
17897,0,0,27
17915,0,0,27
17933,0,0,27
17950,0,0,27
17969,0,0,27
17986,0,0,27
18003,0,0,27
18021,0,0,27
18039,0,0,27
18057,0,0,27
18074,0,0,27
18092,0,0,27
18110,0,0,27
18127,0,0,27
18145,0,0,27
18162,0,0,27
18181,0,0,27
18198,0,0,27
18215,0,0,27
18234,0,0,27
18251,0,0,27
18269,0,0,27
18286,9000,70,121
18310,9000,70,426
18332,9000,70,841
18355,9000,70,1298
18379,9000,70,1798
18403,9000,70,2324
18426,9000,70,2866
18451,9000,70,3357
18475,9000,70,3865
18499,9000,70,4404
18523,9000,70,4931
18546,9000,70,5448
18571,9000,70,5978
18594,9000,70,6505
18618,9000,70,7031
18642,9000,70,7554
18666,9000,70,8078
18690,9000,70,8597
18714,9000,70,9119
18738,9000,70,9433
18761,9000,70,9231
18786,9000,0,8944
18808,9000,0,8829
18831,9000,70,8922
18855,9000,0,9155
18878,9000,70,9080
18903,9000,0,8827
18925,9000,70,8829
18949,9000,0,8984
18972,9000,0,9013
18995,9000,0,9000
19017,9000,0,8999
19041,9000,0,8999
19063,9000,0,8999
19086,9000,0,8999
19109,9000,0,8999
19132,9000,0,8999
19154,9000,0,8999
19178,9000,0,8999
19201,9000,0,8999
19223,9000,0,8999
19247,9000,0,8999
19269,9000,0,8999
19292,9000,0,8999
19315,9000,0,8999
19338,9000,0,8999
19360,9000,0,8999
19384,9000,0,8999
19406,9000,0,8999
19429,9000,0,8999
19452,9000,0,8999
19475,9000,0,8999
19499,9000,0,8999
19521,9000,0,8999
19544,9000,0,8999
19567,9000,0,8999
19590,9000,0,8999
19612,9000,0,8999
19636,9000,0,8999
19658,9000,0,8999
19681,9000,0,8999
19704,9000,0,8999
19727,9000,0,8999
19749,9000,0,8999
19773,9000,0,8999
19795,9000,0,8999
19818,9000,0,8999
19842,9000,0,8999
19864,9000,0,8999
19887,9000,0,8999
19910,9000,0,8999
19933,9000,0,8999
19955,9000,0,8999
19979,9000,0,8999
20001,9000,0,8999
20024,9000,0,8999
20047,9000,0,8999
20070,9000,0,8999
20092,9000,0,8999
20116,9000,0,8999
20139,9000,0,8999
20161,9000,0,8999
20185,9000,0,8999
20207,9000,0,8999
20231,9000,0,8999
20253,9000,0,8999
20276,9000,0,8999
20299,9000,0,8999
20322,9000,0,8999
20344,9000,0,8999
20368,9000,0,8999
20390,9000,0,8999
20413,9000,0,8999
20436,9000,0,8999
20459,9000,0,8999
20482,9000,0,8999
20505,9000,0,8999
20528,9000,0,8999
20550,9000,0,8999
20574,9000,0,8999
20596,9000,0,8999
20619,9000,0,8999
20642,9000,0,8999
20665,9000,0,8999
20687,9000,0,8999
20711,9000,0,8999
20733,9000,0,8999
20756,9000,0,8999
20780,9000,0,8999
20802,9000,0,8999
20825,9000,0,8999
20848,9000,0,8999
20871,9000,0,8999
20893,9000,0,8999
20917,9000,0,8999
20939,9000,0,8999
20963,9000,0,8999
20985,9000,0,8999
21008,9000,0,8999
21031,9000,0,8999
21054,9000,0,8999
21076,9000,0,8999
21100,0,30,8970
21121,0,30,8845
21141,0,30,8665
21163,0,30,8462
21183,0,30,8247
21203,0,30,8023
21224,0,30,7792
21245,0,30,7560
21266,0,30,7327
21286,0,30,7098
21308,0,30,6869
21328,0,30,6644
21349,0,30,6425
21370,0,30,6191
21391,0,30,5955
21411,0,30,5720
21433,0,30,5488
21453,0,30,5259
21474,0,30,5028
21495,0,30,4798
21516,0,30,4562
21536,0,30,4332
21557,0,30,4101
21578,0,30,3867
21599,0,30,3636
21619,0,30,3408
21641,0,30,3181
21661,0,30,2961
21682,0,30,2740
21703,0,30,2520
21724,0,30,2301
21744,0,30,2082
21766,0,30,1861
21786,0,30,1641
21807,0,30,1420
21828,0,30,1203
21849,0,30,985
21868,0,30,775
21888,0,30,567
21908,0,30,356
21927,0,30,149
21947,0,0,-18
21966,0,0,-94
21985,0,0,-123
22004,0,0,-146
22024,0,0,-151
22044,0,30,-121
22065,0,0,-55
22083,0,0,-44
22103,0,0,-53
22121,0,0,-55
22139,0,0,-55
22158,0,0,-55
22177,0,0,-55
22196,0,0,-55
22214,0,0,-55
22234,0,0,-55
22252,0,0,-55
22270,0,0,-55
22289,0,0,-55
22308,0,0,-55
22327,0,0,-55
22345,0,0,-55
22365,0,0,-55
22383,0,0,-55
22402,0,0,-55
22420,0,0,-55
22439,0,0,-55
22458,0,0,-55
22476,0,0,-55
22496,0,0,-55
22514,0,0,-55
22533,0,0,-55
22551,0,0,-55
22571,0,0,-55
22589,0,0,-55
22607,0,0,-55
22627,0,0,-55
22645,0,0,-55
22664,0,0,-55
22682,0,0,-55
22702,0,0,-55
22720,0,0,-55
22738,0,0,-55
22757,0,0,-55
22776,0,0,-55
22795,0,0,-55
22813,0,0,-55
22833,0,0,-55
22851,0,0,-55
22870,0,0,-55
22888,0,0,-55
22907,0,0,-55
22926,0,0,-55
22944,0,0,-55
22964,0,0,-55
22982,0,0,-55
23001,0,0,-55
23019,0,0,-55
23038,0,0,-55
23057,0,0,-55
23075,0,0,-55
23095,0,0,-55
23113,0,0,-55
23132,0,0,-55
23150,0,0,-55
23170,0,0,-55
23188,0,0,-55
23206,0,0,-55
23226,0,0,-55
23244,0,0,-55
23263,0,0,-55
23281,0,0,-55
23301,0,0,-55
23319,0,0,-55
23337,0,0,-55
23356,0,0,-55
23375,0,0,-55
23394,0,0,-55
23412,0,0,-55
23432,0,0,-55
23450,0,0,-55
23469,0,0,-55
23487,0,0,-55
23506,0,0,-55
23525,0,0,-55
23543,0,0,-55
23563,0,0,-55
23581,0,0,-55
23600,0,0,-55
23618,0,0,-55
23638,0,0,-55
23656,0,0,-55
23674,0,0,-55
23694,0,0,-55
23712,0,0,-55
23731,0,0,-55
23749,0,0,-55
23769,0,0,-55
23787,0,0,-55
23805,0,0,-55
23825,0,0,-55
23843,10000,70,48
23866,10000,70,354
23890,10000,70,779
23914,10000,70,1256
23939,10000,70,1781
23964,10000,70,2326
23989,10000,70,2891
24013,10000,70,3428
24039,10000,70,3959
24064,10000,70,4513
24088,10000,70,5050
24114,10000,70,5594
24138,10000,70,6147
24164,10000,70,6694
24188,10000,70,7239
24213,10000,70,7773
24239,10000,70,8328
24263,10000,70,8853
24288,10000,70,9402
24313,10000,70,9953
24338,10000,0,10365
24364,10000,70,10393
24389,10000,70,10037
24415,10000,0,9669
24439,10000,70,9606
24464,10000,70,9820
24489,10000,0,10107
24514,10000,70,10111
24540,10000,0,9880
24564,10000,70,9910
24589,10000,0,10075
24613,10000,0,10122
24639,10000,0,10126
24664,10000,0,10124
24688,10000,0,10123
24714,10000,0,10123
24738,10000,0,10123
24764,10000,0,10123
24788,10000,0,10123
24813,10000,0,10123
24839,10000,0,10123
24863,10000,0,10123
24888,10000,0,10123
24913,10000,0,10123
24938,10000,0,10123
24964,10000,0,10123
24988,10000,0,10123
25013,10000,0,10123
25038,10000,0,10123
25063,10000,0,10123
25088,10000,0,10123
25113,10000,0,10123
25138,10000,0,10123
25163,10000,0,10123
25188,10000,0,10123
25212,10000,0,10123
25238,10000,0,10123
25263,10000,0,10123
25287,10000,0,10123
25313,10000,0,10123
25337,10000,0,10123
25363,10000,0,10123
25388,10000,0,10123
25412,10000,0,10123
25438,10000,0,10123
25462,10000,0,10123
25487,10000,0,10123
25512,10000,0,10123
25537,10000,0,10123
25563,10000,0,10123
25587,10000,0,10123
25612,10000,0,10123
25637,10000,0,10123
25662,10000,0,10123
25687,10000,0,10123
25712,10000,0,10123
25737,10000,0,10123
25762,10000,0,10123
25787,10000,0,10123
25811,10000,0,10123
25837,10000,0,10123
25862,10000,0,10123
25886,10000,0,10123
25912,10000,0,10123
25936,10000,0,10123
25962,10000,0,10123
25987,10000,0,10123
26011,10000,0,10123
26037,10000,0,10123
26061,10000,0,10123
26086,10000,0,10123
26112,10000,0,10123
26136,10000,0,10123
26162,10000,0,10123
26186,10000,0,10123
26211,10000,0,10123
26236,10000,0,10123
26261,10000,0,10123
26286,10000,0,10123
26311,10000,0,10123
26336,10000,0,10123
26361,10000,0,10123
26386,10000,0,10123
26411,10000,0,10123
26436,10000,0,10123
26461,10000,0,10123
26485,10000,0,10123
26511,0,30,10099
26532,0,30,9969
26554,0,30,9791
26574,0,30,9586
26595,0,30,9374
26615,0,30,9158
26637,0,30,8939
26657,0,30,8718
26678,0,30,8495
26699,0,30,8270
26720,0,30,8045
26740,0,30,7825
26762,0,30,7595
26782,0,30,7373
26803,0,30,7155
26824,0,30,6939
26845,0,30,6720
26865,0,30,6499
26887,0,30,6266
26907,0,30,6033
26928,0,30,5799
26948,0,30,5567
26970,0,30,5336
26990,0,30,5107
27011,0,30,4873
27032,0,30,4642
27053,0,30,4407
27073,0,30,4177
27095,0,30,3950
27115,0,30,3715
27136,0,30,3482
27157,0,30,3254
27177,0,30,3027
27198,0,30,2809
27219,0,30,2589
27240,0,30,2372
27260,0,30,2148
27281,0,30,1931
27302,0,30,1710
27323,0,30,1491
27343,0,30,1269
27365,0,30,1050
27385,0,30,828
27405,0,30,620
27425,0,30,414
27445,0,30,203
27464,0,0,35
27482,0,0,-45
27501,0,0,-82
27520,0,0,-80
27538,0,0,-70
27557,0,0,-70
27576,0,0,-70
27594,0,0,-70
27613,0,0,-70
27632,0,0,-70
27651,0,0,-70
27669,0,0,-70
27688,0,0,-70
27707,0,0,-70
27725,0,0,-70
27744,0,0,-70
27763,0,0,-70
27782,0,0,-70
27800,0,0,-70
27820,0,0,-70
27838,0,0,-70
27856,0,0,-70
27875,0,0,-70
27894,0,0,-70
27913,0,0,-70
27931,0,0,-70
27950,0,0,-70
27969,0,0,-70
27987,0,0,-70
28006,0,0,-70
28025,0,0,-70
28044,0,0,-70
28062,0,0,-70
28081,0,0,-70
28100,0,0,-70
28119,0,0,-70
28137,0,0,-70
28156,0,0,-70
28175,0,0,-70
28193,0,0,-70
28212,0,0,-70
28231,0,0,-70
28250,0,0,-70
28268,0,0,-70
28288,0,0,-70
28306,0,0,-70
28324,0,0,-70
28343,0,0,-70
28362,0,0,-70
28381,0,0,-70
28399,0,0,-70
28419,0,0,-70
28437,0,0,-70
28455,0,0,-70
28474,0,0,-70
28493,0,0,-70
28512,0,0,-70
28530,0,0,-70
28549,0,0,-70
28568,0,0,-70
28587,0,0,-70
28605,0,0,-70
28624,0,0,-70
28643,0,0,-70
28661,0,0,-70
28680,0,0,-70
28699,0,0,-70
28718,0,0,-70
28736,0,0,-70
28755,0,0,-70
28774,0,0,-70
28792,0,0,-70
28811,0,0,-70
28830,0,0,-70
28849,0,0,-70
28867,0,0,-70
28887,0,0,-70
28905,0,0,-70
28923,0,0,-70
28942,0,0,-70
28961,0,0,-70
28980,0,0,-70
28998,0,0,-70
29018,0,0,-70
29036,0,0,-70
29054,0,0,-70
29073,0,0,-70
29092,0,0,-70
29111,0,0,-70
29129,0,0,-70
29148,0,0,-70
29167,0,0,-70
29186,0,0,-70
29204,0,0,-70
29223,0,0,-70
29242,0,0,-70
29260,0,0,-70
29279,0,0,-70
29298,0,0,-70
29317,0,0,-70
29335,0,0,-70
29355,0,0,-70
29373,0,0,-70
29391,0,0,-70
29410,0,0,-70
29429,0,0,-70
29448,0,0,-70
29466,0,0,-70
29486,0,0,-70
29504,0,0,-70
29522,0,0,-70
29541,0,0,-70
29560,0,0,-70
29579,0,0,-70
29597,0,0,-70
29617,0,0,-70
29635,0,0,-70
29654,0,0,-70
29672,0,0,-70
29691,0,0,-70
29710,0,0,-70
29728,0,0,-70
29747,0,0,-70
29766,0,0,-70
29785,0,0,-70
29803,0,0,-70
29822,0,0,-70
29841,0,0,-70
29859,0,0,-70
29878,0,0,-70
29897,0,0,-70
29916,0,0,-70
29934,0,0,-70
29954,0,0,-70
29972,0,0,-70
29990,0,0,-70
30009,0,0,-70
30028,0,0,-70
30047,0,0,-70
30065,0,0,-70
30085,0,0,-70
30103,0,0,-70
30121,0,0,-70
30140,0,0,-70
30159,0,0,-70
30178,0,0,-70
30196,0,0,-70
30216,0,0,-70
30234,0,0,-70
30253,0,0,-70
30271,0,0,-70
30290,0,0,-70
30309,0,0,-70
30327,0,0,-70
30346,0,0,-70
30365,0,0,-70
30384,0,0,-70
30402,0,0,-70
30422,0,0,-70
30440,0,0,-70
30458,0,0,-70
30477,0,0,-70
30496,0,0,-70
30515,0,0,-70
30533,0,0,-70
30553,0,0,-70
30571,0,0,-70
30589,0,0,-70
30608,0,0,-70
30627,0,0,-70
30646,0,0,-70
30664,0,0,-70
30684,0,0,-70
30702,0,0,-70
30721,0,0,-70
30739,0,0,-70
30758,0,0,-70
30777,0,0,-70
30795,0,0,-70
30815,0,0,-70
30833,0,0,-70
30852,0,0,-70
30870,0,0,-70
30889,0,0,-70
30908,0,0,-70
30926,0,0,-70
30945,0,0,-70
30964,0,0,-70
30983,0,0,-70
31001,0,0,-70
31021,0,0,-70
31039,0,0,-70
31057,0,0,-70
31076,0,0,-70
31095,0,0,-70
31114,0,0,-70
31132,0,0,-70
31152,0,0,-70
31170,0,0,-70
31188,0,0,-70
31207,0,0,-70
31226,0,0,-70
31245,0,0,-70
31263,0,0,-70
31283,0,0,-70
31301,0,0,-70
31320,0,0,-70
31338,0,0,-70
31357,0,0,-70
31376,0,0,-70
31394,0,0,-70
31414,0,0,-70
31432,0,0,-70
31451,0,0,-70
31469,0,0,-70
31489,0,0,-70
31507,0,0,-70
31525,0,0,-70
31544,0,0,-70
31563,0,0,-70
31582,0,0,-70
31600,0,0,-70
31620,0,0,-70
31638,0,0,-70
31656,0,0,-70
31675,0,0,-70
31694,0,0,-70
31713,0,0,-70
31731,0,0,-70
31751,0,0,-70
31769,0,0,-70
31788,0,0,-70
31806,0,0,-70
31825,0,0,-70
31844,0,0,-70
31862,0,0,-70
31882,0,0,-70
31900,0,0,-70
31919,0,0,-70
31937,0,0,-70
31956,0,0,-70
31975,0,0,-70
31993,0,0,-70
32013,0,0,-70
32031,0,0,-70
32050,0,0,-70
32068,0,0,-70
32088,0,0,-70
32106,0,0,-70
32124,0,0,-70
32143,0,0,-70
32162,0,0,-70
32181,0,0,-70
32199,0,0,-70
32219,0,0,-70
32237,0,0,-70
32256,0,0,-70
32274,0,0,-70
32293,0,0,-70
32312,0,0,-70
32330,0,0,-70
32350,0,0,-70
32368,0,0,-70
32387,0,0,-70
32405,0,0,-70
32424,0,0,-70
32443,0,0,-70
32461,0,0,-70
32481,0,0,-70
32499,0,0,-70
32518,0,0,-70
32536,0,0,-70
32556,0,0,-70
32574,0,0,-70
32592,0,0,-70
32612,0,0,-70
32630,0,0,-70
32649,0,0,-70
32667,0,0,-70
32687,0,0,-70
32705,0,0,-70
32723,0,0,-70
32742,0,0,-70
32761,0,0,-70
32780,0,0,-70
32798,0,0,-70
32818,0,0,-70
32836,0,0,-70
32855,0,0,-70
32873,0,0,-70
32892,0,0,-70
32911,0,0,-70
32929,0,0,-70
32949,0,0,-70
32967,0,0,-70
32986,0,0,-70
33004,0,0,-70
33024,0,0,-70
33042,0,0,-70
33060,0,0,-70
33080,0,0,-70
33098,0,0,-70
33117,0,0,-70
33135,0,0,-70
33155,0,0,-70
33173,0,0,-70
33191,0,0,-70
33211,0,0,-70
33229,0,0,-70
33248,0,0,-70
33266,0,0,-70
33286,0,0,-70
33304,0,0,-70
33323,0,0,-70
33341,0,0,-70
33360,0,0,-70
33379,0,0,-70
33397,0,0,-70
33417,0,0,-70
33435,0,0,-70
33454,0,0,-70
33472,0,0,-70
33491,0,0,-70
33510,0,0,-70
33528,0,0,-70
33548,0,0,-70
33566,0,0,-70
33585,0,0,-70
33603,0,0,-70
33623,0,0,-70
33641,0,0,-70
33659,0,0,-70
33679,0,0,-70
33697,0,0,-70
33716,0,0,-70
33734,5000,70,12
33757,5000,70,287
33779,5000,70,680
33802,5000,70,1127
33826,5000,70,1616
33850,5000,70,2121
33874,5000,70,2639
33898,5000,70,3169
33922,5000,70,3682
33946,5000,70,4208
33970,5000,70,4733
33993,5000,0,5132
34017,5000,70,5189
34040,5000,0,5006
34063,5000,0,4941
34086,5000,0,4933
34109,5000,0,4902
34131,5000,0,4910
34155,5000,0,4907
34178,5000,0,4907
34200,5000,0,4907
34224,5000,0,4907
34246,5000,0,4907
34269,5000,0,4907
34292,5000,0,4907
34315,5000,0,4907
34337,5000,0,4907
34361,5000,0,4907
34383,5000,0,4907
34406,5000,0,4907
34429,5000,0,4907
34452,5000,0,4907
34476,5000,0,4907
34498,5000,0,4907
34521,5000,0,4907
34544,5000,0,4907
34567,5000,0,4907
34589,5000,0,4907
34613,5000,0,4907
34635,5000,0,4907
34658,5000,0,4907
34681,5000,0,4907
34704,5000,0,4907
34726,5000,0,4907
34750,5000,0,4907
34772,5000,0,4907
34795,5000,0,4907
34819,5000,0,4907
34841,5000,0,4907
34864,5000,0,4907
34887,5000,0,4907
34910,5000,0,4907
34932,5000,0,4907
34956,5000,0,4907
34978,5000,0,4907
35001,5000,0,4907
35024,5000,0,4907
35047,5000,0,4907
35069,5000,0,4907
35093,5000,0,4907
35116,5000,0,4907
35138,5000,0,4907
35162,5000,0,4907
35184,5000,0,4907
35208,5000,0,4907
35230,5000,0,4907
35253,5000,0,4907
35276,5000,0,4907
35299,5000,0,4907
35321,5000,0,4907
35345,5000,0,4907
35367,5000,0,4907
35390,5000,0,4907
35414,5000,0,4907
35436,5000,0,4907
35459,5000,0,4907
35482,5000,0,4907
35505,5000,0,4907
35527,5000,0,4907
35551,5000,0,4907
35573,5000,0,4907
35596,5000,0,4907
35619,5000,0,4907
35642,5000,0,4907
35664,5000,0,4907
35688,5000,0,4907
35710,5000,0,4907
35733,5000,0,4907
35757,5000,0,4907
35779,5000,0,4907
35802,5000,0,4907
35825,5000,0,4907
35848,5000,0,4907
35870,5000,0,4907
35894,5000,0,4907
35916,5000,0,4907
35940,5000,0,4907
35962,5000,0,4907
35985,0,30,4862
36006,0,30,4726
36027,0,30,4540
36047,0,30,4335
36068,0,30,4117
36089,0,30,3897
36110,0,30,3676
36130,0,30,3452
36152,0,30,3230
36172,0,30,3011
36193,0,30,2801
36214,0,30,2586
36235,0,30,2366
36255,0,30,2149
36277,0,30,1932
36297,0,30,1710
36318,0,30,1493
36339,0,30,1268
36360,0,30,1051
36380,0,30,828
36400,0,30,623
36420,0,30,415
36440,0,30,206
36459,0,0,40
36477,0,0,-37
36496,0,0,-72
36514,0,0,-68
36533,0,0,-59
36552,0,0,-59
36571,0,0,-59
36589,0,0,-59
36609,0,0,-59
36627,0,0,-59
36645,0,0,-59
36664,0,0,-59
36683,0,0,-59
36702,0,0,-59
36720,0,0,-59
36740,0,0,-59
36758,0,0,-59
36776,0,0,-59
36795,0,0,-59
36814,0,0,-59
36833,0,0,-59
36851,0,0,-59
36871,0,0,-59
36889,0,0,-59
36908,0,0,-59
36926,0,0,-59
36945,0,0,-59
36964,0,0,-59
36982,0,0,-59
37001,0,0,-59
37020,0,0,-59
37039,0,0,-59
37057,0,0,-59
37076,0,0,-59
37095,0,0,-59
37113,0,0,-59
37132,0,0,-59
37151,0,0,-59
37170,0,0,-59
37188,0,0,-59
37208,0,0,-59
37226,0,0,-59
37244,0,0,-59
37263,0,0,-59
37282,0,0,-59
37301,0,0,-59
37319,0,0,-59
37339,0,0,-59
37357,0,0,-59
37376,0,0,-59
37394,0,0,-59
37413,0,0,-59
37432,0,0,-59
37450,0,0,-59
37470,0,0,-59
37488,0,0,-59
37507,0,0,-59
37525,0,0,-59
37544,0,0,-59
37563,0,0,-59
37581,0,0,-59
37600,0,0,-59
37619,0,0,-59
37638,0,0,-59
37656,0,0,-59
37676,0,0,-59
37694,0,0,-59
37712,0,0,-59
37731,0,0,-59
37750,0,0,-59
37769,0,0,-59
37787,0,0,-59
37807,0,0,-59
37825,0,0,-59
37843,0,0,-59
37862,0,0,-59
37881,0,0,-59
37900,0,0,-59
37918,0,0,-59
37938,0,0,-59
37956,0,0,-59
37975,0,0,-59
37993,0,0,-59
38012,0,0,-59
38031,0,0,-59
38049,0,0,-59
38069,0,0,-59
38087,0,0,-59
38106,0,0,-59
38124,0,0,-59
38144,0,0,-59
38162,0,0,-59
38180,0,0,-59
38199,0,0,-59
38218,0,0,-59
38237,0,0,-59
38255,0,0,-59
38275,0,0,-59
38293,0,0,-59
38311,0,0,-59
38330,0,0,-59
38349,0,0,-59
38368,0,0,-59
38386,0,0,-59
38406,0,0,-59
38424,0,0,-59
38443,0,0,-59
38461,0,0,-59
38480,0,0,-59
38499,0,0,-59
38517,0,0,-59
38537,0,0,-59
38555,0,0,-59
38574,0,0,-59
38592,0,0,-59
38611,0,0,-59
38630,0,0,-59
38648,0,0,-59
38668,0,0,-59
38686,0,0,-59
38705,0,0,-59
38723,0,0,-59
38743,0,0,-59
38761,0,0,-59
38779,0,0,-59
38798,0,0,-59
38817,0,0,-59
38836,0,0,-59
38854,0,0,-59
38874,0,0,-59
38892,0,0,-59
38910,0,0,-59
38929,0,0,-59
38948,0,0,-59
38967,0,0,-59
38985,0,0,-59
39005,0,0,-59
39023,0,0,-59
39042,0,0,-59
39060,0,0,-59
39079,0,0,-59
39098,0,0,-59
39116,0,0,-59
39136,0,0,-59
39154,0,0,-59
39173,0,0,-59
39191,0,0,-59
39211,0,0,-59
39229,7000,70,39
39250,7000,70,321
39274,7000,70,727
39297,7000,70,1175
39320,7000,70,1667
39345,7000,70,2186
39368,7000,70,2711
39392,7000,70,3232
39416,7000,70,3749
39440,7000,70,4269
39463,7000,70,4795
39488,7000,70,5323
39512,7000,70,5850
39536,7000,70,6368
39560,7000,70,6851
39583,7000,0,7261
39607,7000,70,7323
39630,7000,70,7021
39654,7000,0,6706
39677,7000,70,6663
39701,7000,70,6918
39725,7000,0,7107
39748,7000,0,7162
39771,7000,70,7088
39794,7000,0,6873
39818,7000,70,6888
39841,7000,0,7043
39864,7000,0,7032
39887,7000,0,7032
39910,7000,0,7032
39933,7000,0,7032
39956,7000,0,7032
39979,7000,0,7027
40002,7000,0,7028
40025,7000,0,7030
40047,7000,0,7029
40071,7000,0,7029
40093,7000,0,7029
40116,7000,0,7029
40139,7000,0,7029
40162,7000,0,7029
40184,7000,0,7029
40208,7000,0,7029
40230,7000,0,7029
40253,7000,0,7029
40276,7000,0,7029
40299,7000,0,7029
40322,7000,0,7029
40345,7000,0,7029
40368,7000,0,7029
40390,7000,0,7029
40414,7000,0,7029
40436,7000,0,7029
40459,7000,0,7029
40482,7000,0,7029
40505,7000,0,7029
40527,7000,0,7029
40551,7000,0,7029
40573,7000,0,7029
40596,7000,0,7029
40620,7000,0,7029
40642,7000,0,7029
40666,7000,0,7029
40688,7000,0,7029
40711,7000,0,7029
40734,7000,0,7029
40757,7000,0,7029
40779,7000,0,7029
40803,7000,0,7029
40825,7000,0,7029
40848,7000,0,7029
40871,7000,0,7029
40894,7000,0,7029
40916,7000,0,7029
40940,7000,0,7029
40963,7000,0,7029
40985,7000,0,7029
41009,7000,0,7029
41031,7000,0,7029
41054,7000,0,7029
41077,7000,0,7029
41100,7000,0,7029
41122,7000,0,7029
41146,7000,0,7029
41168,7000,0,7029
41191,7000,0,7029
41214,7000,0,7029
41237,7000,0,7029
41260,7000,0,7029
41283,7000,0,7029
41306,7000,0,7029
41328,7000,0,7029
41352,7000,0,7029
41374,7000,0,7029
41398,7000,0,7029
41420,7000,0,7029
41443,7000,0,7029
41466,7000,0,7029
41489,7000,0,7029
41511,7000,0,7029
41535,7000,0,7029
41558,7000,0,7029
41580,7000,0,7029
41604,7000,0,7029
41626,7000,0,7029
41649,7000,0,7029
41672,7000,0,7029
41695,7000,0,7029
41717,7000,0,7029
41741,7000,0,7029
41763,7000,0,7029
41786,7000,0,7029
41809,7000,0,7029
41832,7000,0,7029
41854,7000,0,7029
41878,7000,0,7029
41901,7000,0,7029
41923,7000,0,7029
41947,7000,0,7029
41969,7000,0,7029
41992,7000,0,7029
42015,7000,0,7029
42038,7000,0,7029
42060,7000,0,7029
42084,7000,0,7029
42106,7000,0,7029
42130,7000,0,7029
42152,7000,0,7029
42175,7000,0,7029
42199,7000,0,7029
42221,7000,0,7029
42244,7000,0,7029
42267,7000,0,7029
42290,7000,0,7029
42312,7000,0,7029
42336,7000,0,7029
42358,7000,0,7029
42381,7000,0,7029
42404,7000,0,7029
42427,7000,0,7029
42449,7000,0,7029
42473,7000,0,7029
42496,7000,0,7029
42518,7000,0,7029
42542,7000,0,7029
42564,7000,0,7029
42587,7000,0,7029
42610,7000,0,7029
42633,7000,0,7029
42655,7000,0,7029
42679,7000,0,7029
42701,7000,0,7029
42724,0,30,6984
42745,0,30,6843
42766,0,30,6663
42786,0,30,6459
42808,0,30,6242
42828,0,30,6021
42849,0,30,5796
42870,0,30,5575
42891,0,30,5351
42911,0,30,5120
42933,0,30,4887
42953,0,30,4656
42974,0,30,4423
42995,0,30,4187
43016,0,30,3953
43036,0,30,3724
43057,0,30,3493
43078,0,30,3260
43099,0,30,3027
43119,0,30,2802
43141,0,30,2581
43161,0,30,2364
43182,0,30,2144
43203,0,30,1923
43224,0,30,1708
43244,0,30,1488
43266,0,30,1268
43286,0,30,1048
43307,0,30,827
43327,0,30,623
43346,0,30,412
43366,0,30,206
43385,0,30,-4
43405,0,0,-156
43424,0,30,-207
43445,0,30,-130
43466,0,0,-35
43485,0,0,-12
43503,0,0,-29
43522,0,0,-30
43541,0,0,-30
43559,0,0,-30
43578,0,0,-30
43597,0,0,-30
43616,0,0,-30
43634,0,0,-30
43653,0,0,-30
43672,0,0,-30
43691,0,0,-30
43709,0,0,-30
43728,0,0,-30
43747,0,0,-30
43765,0,0,-30
43784,0,0,-30
43803,0,0,-30
43822,0,0,-30
43840,0,0,-30
43859,0,0,-30
43878,0,0,-30
43896,0,0,-30
43915,0,0,-30
43934,0,0,-30
43953,0,0,-30
43971,0,0,-30
43990,0,0,-30
44009,0,0,-30
44027,0,0,-30
44046,0,0,-30
44065,0,0,-30
44084,0,0,-30
44102,0,0,-30
44121,0,0,-30
44140,0,0,-30
44158,0,0,-30
44177,0,0,-30
44196,0,0,-30
44215,0,0,-30
44233,0,0,-30
44252,0,0,-30
44271,0,0,-30
44290,0,0,-30
44308,0,0,-30
44327,0,0,-30
44346,0,0,-30
44364,0,0,-30
44383,0,0,-30
44402,0,0,-30
44421,0,0,-30
44439,0,0,-30
44459,0,0,-30
44477,0,0,-30
44495,0,0,-30
44514,0,0,-30
44533,0,0,-30
44552,0,0,-30
44570,0,0,-30
44589,0,0,-30
44608,0,0,-30
44626,0,0,-30
44645,0,0,-30
44664,0,0,-30
44683,0,0,-30
44701,0,0,-30
44720,0,0,-30
44739,0,0,-30
44758,0,0,-30
44776,0,0,-30
44795,0,0,-30
44814,0,0,-30
44832,0,0,-30
44851,0,0,-30
44870,0,0,-30
44889,0,0,-30
44907,0,0,-30
44926,0,0,-30
44945,0,0,-30
44963,0,0,-30
44982,0,0,-30
45001,0,0,-30
45020,0,0,-30
45038,0,0,-30
45058,0,0,-30
45076,0,0,-30
45094,0,0,-30
45113,0,0,-30
45132,0,0,-30
45151,0,0,-30
45169,0,0,-30
45188,0,0,-30
45207,0,0,-30
45225,0,0,-30
45244,0,0,-30
45263,0,0,-30
45282,0,0,-30
45300,0,0,-30
45319,0,0,-30
45338,0,0,-30
45357,0,0,-30
45375,0,0,-30
45394,0,0,-30
45413,0,0,-30
45431,0,0,-30
45450,0,0,-30
45469,0,0,-30
45488,0,0,-30
45506,0,0,-30
45526,0,0,-30
45544,0,0,-30
45562,0,0,-30
45581,0,0,-30
45600,0,0,-30
45619,0,0,-30
45637,0,0,-30
45657,0,0,-30
45675,0,0,-30
45693,0,0,-30
45712,0,0,-30
45731,0,0,-30
45750,0,0,-30
45768,0,0,-30
45787,0,0,-30
45806,0,0,-30
45825,0,0,-30
45843,0,0,-30
45862,0,0,-30
45881,0,0,-30
45899,0,0,-30
45918,0,0,-30
45937,0,0,-30
45956,0,0,-30
45974,0,0,-30
45993,0,0,-30
46012,0,0,-30
46030,0,0,-30
46049,0,0,-30
46068,0,0,-30
46087,0,0,-30
46105,0,0,-30
46125,0,0,-30
46143,0,0,-30
46161,0,0,-30
46180,0,0,-30
46199,0,0,-30
46218,0,0,-30
46236,0,0,-30
46256,0,0,-30
46274,0,0,-30
46292,0,0,-30
46311,0,0,-30
46330,0,0,-30
46349,0,0,-30
46367,0,0,-30
46386,9000,70,60
46408,9000,70,341
46431,9000,70,735
46454,9000,70,1188
46478,9000,70,1683
46501,9000,70,2212
46526,9000,70,2753
46550,9000,70,3264
46573,9000,70,3783
46598,9000,70,4314
46621,9000,70,4828
46645,9000,70,5345
46669,9000,70,5873
46693,9000,70,6398
46716,9000,70,6922
46741,9000,70,7449
46765,9000,70,7988
46789,9000,70,8506
46813,9000,70,9027
46836,9000,70,9351
46861,9000,70,9148
46884,9000,0,8861
46907,9000,70,8850
46931,9000,0,9049
46954,9000,0,9098
46977,9000,0,9089
47000,9000,0,9101
47023,9000,0,9098
47045,9000,0,9096
47069,9000,0,9096
47091,9000,0,9096
47114,9000,0,9096
47137,9000,0,9096
47160,9000,0,9096
47182,9000,0,9096
47206,9000,0,9096
47228,9000,0,9096
47251,9000,0,9096
47275,9000,0,9096
47297,9000,0,9096
47321,9000,0,9096
47343,9000,0,9096
47366,9000,0,9096
47389,9000,0,9096
47412,9000,0,9096
47434,9000,0,9096
47458,9000,0,9096
47480,9000,0,9096
47503,9000,0,9096
47526,9000,0,9096
47549,9000,0,9096
47571,9000,0,9096
47595,9000,0,9096
47618,9000,0,9096
47640,9000,0,9096
47664,9000,0,9096
47686,9000,0,9096
47709,9000,0,9096
47732,9000,0,9096
47755,9000,0,9096
47777,9000,0,9096
47801,9000,0,9096
47823,9000,0,9096
47846,9000,0,9096
47869,9000,0,9096
47892,9000,0,9096
47915,9000,0,9096
47938,9000,0,9096
47961,9000,0,9096
47983,9000,0,9096
48007,9000,0,9096
48029,9000,0,9096
48053,9000,0,9096
48075,9000,0,9096
48098,9000,0,9096
48121,9000,0,9096
48144,9000,0,9096
48166,9000,0,9096
48190,9000,0,9096
48212,9000,0,9096
48235,9000,0,9096
48259,9000,0,9096
48281,9000,0,9096
48304,9000,0,9096
48327,9000,0,9096
48350,9000,0,9096
48372,9000,0,9096
48396,9000,0,9096
48418,9000,0,9096
48441,9000,0,9096
48464,9000,0,9096
48487,9000,0,9096
48509,9000,0,9096
48533,9000,0,9096
48556,9000,0,9096
48578,9000,0,9096
48602,9000,0,9096
48624,9000,0,9096
48647,9000,0,9096
48670,9000,0,9096
48693,9000,0,9096
48715,9000,0,9096
48739,9000,0,9096
48761,9000,0,9096
48785,9000,0,9096
48807,9000,0,9096
48830,9000,0,9096
48854,9000,0,9096
48876,9000,0,9096
48899,9000,0,9096
48922,9000,0,9096
48945,9000,0,9096
48967,9000,0,9096
48991,9000,0,9096
49013,9000,0,9096
49036,9000,0,9096
49059,9000,0,9096
49082,9000,0,9096
49104,9000,0,9096
49128,9000,0,9096
49150,9000,0,9096
49173,9000,0,9096
49197,9000,0,9096
49219,9000,0,9096
49242,9000,0,9096
49265,9000,0,9096
49288,9000,0,9096
49310,9000,0,9096
49334,9000,0,9096
49356,9000,0,9096
49379,9000,0,9096
49402,9000,0,9096
49425,9000,0,9096
49447,9000,0,9096
49471,9000,0,9096
49494,9000,0,9096
49517,9000,0,9096
49540,9000,0,9096
49562,9000,0,9096
49586,9000,0,9096
49608,9000,0,9096
49631,9000,0,9096
49654,9000,0,9096
49677,9000,0,9096
49699,9000,0,9096
49723,9000,0,9096
49745,9000,0,9096
49768,9000,0,9096
49792,9000,0,9096
49814,9000,0,9096
49837,9000,0,9096
49860,9000,0,9096
49883,9000,0,9096
49905,9000,0,9096
49929,9000,0,9096
49951,9000,0,9096
49974,9000,0,9096
49997,9000,0,9096
50020,9000,0,9096
50042,9000,0,9096
50066,9000,0,9096
50088,9000,0,9096
50111,9000,0,9096
50135,9000,0,9096
50157,9000,0,9096
50180,9000,0,9096
50203,9000,0,9096
50226,9000,0,9096
50249,9000,0,9096
50272,9000,0,9096
50294,9000,0,9096
50318,9000,0,9096
50340,9000,0,9096
50363,9000,0,9096
50386,9000,0,9096
50409,9000,0,9096
50432,9000,0,9096
50455,9000,0,9096
50478,9000,0,9096
50500,9000,0,9096
50524,9000,0,9096
50546,9000,0,9096
50569,9000,0,9096
50592,9000,0,9096
50615,9000,0,9096
50637,9000,0,9096
50661,9000,0,9096
50683,9000,0,9096
50706,9000,0,9096
50729,9000,0,9096
50752,0,30,9062
50772,0,30,8930
50794,0,30,8748
50814,0,30,8539
50835,0,30,8323
50856,0,30,8098
50877,0,30,7874
50897,0,30,7647
50919,0,30,7411
50939,0,30,7177
50960,0,30,6945
50981,0,30,6717
51002,0,30,6489
51022,0,30,6258
51043,0,30,6021
51064,0,30,5786
51085,0,30,5554
51105,0,30,5324
51127,0,30,5092
51147,0,30,4862
51168,0,30,4632
51189,0,30,4400
51210,0,30,4166
51230,0,30,3932
51252,0,30,3701
51272,0,30,3469
51293,0,30,3238
51314,0,30,3006
51335,0,30,2775
51355,0,30,2551
51376,0,30,2332
51397,0,30,2112
51418,0,30,1897
51438,0,30,1675
51460,0,30,1456
51480,0,30,1235
51501,0,30,1017
51522,0,30,793
51542,0,30,583
51561,0,30,376
51581,0,30,171
51601,0,0,8
51617,0,0,-63
51636,0,0,-102
51656,0,0,-96
51675,0,0,-95
51693,0,0,-95
51712,0,0,-95
51731,0,0,-95
51749,0,0,-95
51768,0,0,-95
51787,0,0,-95
51806,0,0,-95
51824,0,0,-95
51843,0,0,-95
51862,0,0,-95
51880,0,0,-95
51899,0,0,-95
51918,0,0,-95
51937,0,0,-95
51955,0,0,-95
51974,0,0,-95
51993,0,0,-95
52012,0,0,-95
52030,0,0,-95
52049,0,0,-95
52068,0,0,-95
52086,0,0,-95
52105,0,0,-95
52124,0,0,-95
52143,0,0,-95
52161,0,0,-95
52180,0,0,-95
52199,0,0,-95
52217,0,0,-95
52236,0,0,-95
52255,0,0,-95
52274,0,0,-95
52292,0,0,-95
52311,0,0,-95
52330,0,0,-95
52348,0,0,-95
52367,0,0,-95
52386,0,0,-95
52405,0,0,-95
52423,0,0,-95
52442,0,0,-95
52461,0,0,-95
52480,0,0,-95
52498,0,0,-95
52517,0,0,-95
52536,0,0,-95
52554,0,0,-95
52573,0,0,-95
52592,0,0,-95
52611,0,0,-95
52629,0,0,-95
52648,0,0,-95
52667,0,0,-95
52685,0,0,-95
52704,0,0,-95
52723,0,0,-95
52742,0,0,-95
52760,0,0,-95
52780,0,0,-95
52798,0,0,-95
52816,0,0,-95
52835,0,0,-95
52854,0,0,-95
52873,0,0,-95
52891,0,0,-95
52910,0,0,-95
52929,0,0,-95
52947,0,0,-95
52966,0,0,-95
52985,0,0,-95
53004,0,0,-95
53022,0,0,-95
53041,0,0,-95
53060,0,0,-95
53079,0,0,-95
53097,0,0,-95
53116,0,0,-95
53135,0,0,-95
53153,0,0,-95
53172,0,0,-95
53191,0,0,-95
53210,0,0,-95
53228,0,0,-95
53248,0,0,-95
53266,0,0,-95
53284,0,0,-95
53303,0,0,-95
53322,0,0,-95
53341,0,0,-95
53359,0,0,-95
53379,0,0,-95
53397,0,0,-95
53415,0,0,-95
53434,0,0,-95
53453,0,0,-95
53472,0,0,-95
53490,0,0,-95
53509,0,0,-95
53528,0,0,-95
53547,0,0,-95
53565,0,0,-95
53584,0,0,-95
53603,0,0,-95
53621,0,0,-95
53640,0,0,-95
53659,0,0,-95
53678,0,0,-95
53696,0,0,-95
53715,0,0,-95
53734,0,0,-95
53752,0,0,-95
53771,0,0,-95
53790,0,0,-95
53809,0,0,-95
53827,0,0,-95
53847,0,0,-95
53865,0,0,-95
53883,0,0,-95
53902,0,0,-95
53921,0,0,-95
53940,0,0,-95
53958,0,0,-95
53978,0,0,-95
53996,0,0,-95
54014,0,0,-95
54033,0,0,-95
54052,0,0,-95
54071,0,0,-95
54089,0,0,-95
54108,0,0,-95
54127,0,0,-95
54146,0,0,-95
54164,0,0,-95
54183,0,0,-95
54202,0,0,-95
54220,0,0,-95
54239,0,0,-95
54258,0,0,-95
54277,0,0,-95
54295,0,0,-95
54315,0,0,-95
54333,0,0,-95
54351,0,0,-95
54370,0,0,-95
54389,0,0,-95
54408,0,0,-95
54426,0,0,-95
54446,0,0,-95
54464,0,0,-95
54482,0,0,-95
54501,0,0,-95
54520,0,0,-95
54539,0,0,-95
54557,0,0,-95
54577,0,0,-95
54595,0,0,-95
54614,0,0,-95
54632,0,0,-95
54651,0,0,-95
54670,0,0,-95
54688,0,0,-95
54707,0,0,-95
54726,0,0,-95
54745,0,0,-95
54763,0,0,-95
54782,0,0,-95
54801,0,0,-95
54819,10000,70,15
54843,10000,70,319
54866,10000,70,749
54890,10000,70,1230
54916,10000,70,1744
54940,10000,70,2294
54965,10000,70,2835
54990,10000,70,3376
55015,10000,70,3925
55041,10000,70,4473
55065,10000,70,5016
55090,10000,70,5564
55115,10000,70,6108
55140,10000,70,6652
55164,10000,70,7196
55190,10000,70,7743
55215,10000,70,8277
55240,10000,70,8827
55265,10000,70,9374
55289,10000,70,9926
55315,10000,0,10346
55340,10000,70,10410
55365,10000,70,10077
55392,10000,0,9701
55415,10000,70,9661
55441,10000,70,9973
55465,10000,0,10175
55490,10000,70,10107
55517,10000,0,9840
55540,10000,70,9834
55565,10000,0,10028
55590,10000,0,10033
55615,10000,0,10038
55641,10000,0,10034
55665,10000,0,10032
55690,10000,0,10033
55715,10000,0,10033
55740,10000,0,10033
55764,10000,0,10033
55790,10000,0,10033
55815,10000,0,10033
55840,10000,0,10033
55865,10000,0,10033
55889,10000,0,10033
55915,10000,0,10033
55940,10000,0,10033
55964,10000,0,10033
55990,10000,0,10033
56014,10000,0,10033
56040,10000,0,10033
56065,10000,0,10033
56089,10000,0,10033
56115,10000,0,10033
56139,10000,0,10033
56164,10000,0,10033
56189,10000,0,10033
56214,10000,0,10033
56240,10000,0,10033
56264,10000,0,10033
56289,10000,0,10033
56314,10000,0,10033
56339,10000,0,10033
56364,10000,0,10033
56389,10000,0,10033
56414,10000,0,10033
56439,10000,0,10033
56464,10000,0,10033
56488,10000,0,10033
56514,10000,0,10033
56539,10000,0,10033
56563,10000,0,10033
56589,10000,0,10033
56613,10000,0,10033
56639,10000,0,10033
56664,10000,0,10033
56688,10000,0,10033
56714,10000,0,10033
56738,10000,0,10033
56763,10000,0,10033
56788,10000,0,10033
56813,10000,0,10033
56839,10000,0,10033
56863,10000,0,10033
56888,10000,0,10033
56913,10000,0,10033
56938,10000,0,10033
56963,10000,0,10033
56988,10000,0,10033
57013,10000,0,10033
57038,10000,0,10033
57063,10000,0,10033
57088,10000,0,10033
57113,10000,0,10033
57138,10000,0,10033
57162,10000,0,10033
57188,10000,0,10033
57212,10000,0,10033
57238,10000,0,10033
57263,10000,0,10033
57287,10000,0,10033
57313,10000,0,10033
57337,10000,0,10033
57362,10000,0,10033
57388,10000,0,10033
57412,10000,0,10033
57438,10000,0,10033
57462,10000,0,10033
57487,10000,0,10033
57512,10000,0,10033
57537,10000,0,10033
57562,10000,0,10033
57587,10000,0,10033
57612,10000,0,10033
57637,10000,0,10033
57662,10000,0,10033
57687,10000,0,10033
57712,10000,0,10033
57737,10000,0,10033
57761,10000,0,10033
57787,10000,0,10033
57811,10000,0,10033
57837,10000,0,10033
57862,10000,0,10033
57886,10000,0,10033
57912,10000,0,10033
57936,10000,0,10033
57961,10000,0,10033
57987,10000,0,10033
58011,10000,0,10033
58037,10000,0,10033
58061,10000,0,10033
58086,10000,0,10033
58112,10000,0,10033
58136,10000,0,10033
58161,10000,0,10033
58186,10000,0,10033
58211,10000,0,10033
58236,10000,0,10033
58261,10000,0,10033
58286,10000,0,10033
58311,10000,0,10033
58336,10000,0,10033
58360,10000,0,10033
58386,10000,0,10033
58411,10000,0,10033
58436,10000,0,10033
58461,10000,0,10033
58485,10000,0,10033
58511,10000,0,10033
58535,10000,0,10033
58560,10000,0,10033
58586,10000,0,10033
58610,10000,0,10033
58636,10000,0,10033
58660,10000,0,10033
58685,10000,0,10033
58711,10000,0,10033
58735,10000,0,10033
58760,10000,0,10033
58785,10000,0,10033
58810,10000,0,10033
58835,10000,0,10033
58860,10000,0,10033
58885,10000,0,10033
58910,10000,0,10033
58935,10000,0,10033
58959,10000,0,10033
58985,10000,0,10033
59010,10000,0,10033
59035,10000,0,10033
59060,10000,0,10033
59084,10000,0,10033
59110,10000,0,10033
59134,10000,0,10033
59159,10000,0,10033
59185,10000,0,10033
59209,10000,0,10033
59235,10000,0,10033
59259,0,30,10005
59281,0,30,9867
59302,0,30,9682
59323,0,30,9476
59343,0,30,9262
59364,0,30,9036
59385,0,30,8800
59406,0,30,8563
59426,0,30,8326
59448,0,30,8097
59468,0,30,7867
59489,0,30,7639
59510,0,30,7406
59531,0,30,7173
59551,0,30,6939
59573,0,30,6708
59593,0,30,6479
59614,0,30,6249
59635,0,30,6016
59656,0,30,5783
59676,0,30,5549
59697,0,30,5318
59718,0,30,5086
59739,0,30,4855
59759,0,30,4623
59781,0,30,4391
59801,0,30,4159
59822,0,30,3929
59843,0,30,3695
59864,0,30,3462
59884,0,30,3233
59906,0,30,3000
59926,0,30,2768
59947,0,30,2538
59968,0,30,2313
59988,0,30,2095
60009,0,30,1878
60029,0,30,1660
60051,0,30,1439
60071,0,30,1220
60092,0,30,1004
60113,0,30,783
60133,0,30,577
60152,0,30,366
60173,0,30,160
60192,0,0,-11
60211,0,0,-93
60229,0,0,-128
60250,0,0,-130
60269,0,0,-130
60289,0,0,-130
60309,0,0,-130
60328,0,0,-130
60348,0,0,-130
60368,0,0,-130
60388,0,0,-130
60407,0,0,-130
60427,0,0,-130
60447,0,0,-130
60467,0,0,-130
60486,0,0,-130
60507,0,0,-130
60526,0,0,-130
60546,0,0,-130
60566,0,0,-130
60585,0,0,-130
60605,0,0,-130
60624,0,0,-130
60645,0,0,-130
60664,0,0,-130
60684,0,0,-130
60704,0,0,-130
60724,0,0,-130
60743,0,0,-130
60763,0,0,-130
60783,0,0,-130
60803,0,0,-130
60822,0,0,-130
60843,0,0,-130
60862,0,0,-130
60881,0,0,-130
60902,0,0,-130
60921,0,0,-130
60941,0,0,-130
60960,0,0,-130
60981,0,0,-130
61000,0,0,-130
61020,0,0,-130
61040,0,0,-130
61060,0,0,-130
61079,0,0,-130
61100,0,0,-130
61119,0,0,-130
61138,0,0,-130
61158,0,0,-130
61178,0,0,-130
61198,0,0,-130
61217,0,0,-130
61238,0,0,-130
61257,0,0,-130
61277,0,0,-130
61296,0,0,-130
61317,0,0,-130
61336,0,0,-130
61356,0,0,-130
61376,0,0,-130
61395,0,0,-130
61415,0,0,-130
61435,0,0,-130
61455,0,0,-130
61474,0,0,-130
61494,0,0,-130
61514,0,0,-130
61534,0,0,-130
61553,0,0,-130
61574,0,0,-130
61593,0,0,-130
61613,0,0,-130
61633,0,0,-130
61652,0,0,-130
61672,0,0,-130
61691,0,0,-130
61712,0,0,-130
61731,0,0,-130
61751,0,0,-130
61771,0,0,-130
61791,0,0,-130
61810,0,0,-130
61831,0,0,-130
61850,0,0,-130
61870,0,0,-130
61889,0,0,-130
61910,0,0,-130
61929,0,0,-130
61948,0,0,-130
61969,0,0,-130
61988,0,0,-130
62008,0,0,-130
62027,0,0,-130
62048,0,0,-130
62067,0,0,-130
62087,0,0,-130
62107,0,0,-130
62127,0,0,-130
62146,0,0,-130
62167,0,0,-130
62186,0,0,-130
62205,0,0,-130
62225,0,0,-130
62245,0,0,-130
62265,0,0,-130
62284,0,0,-130
62305,0,0,-130
62324,0,0,-130
62344,0,0,-130
62364,0,0,-130
62384,0,0,-130
62403,0,0,-130
62423,0,0,-130
62443,0,0,-130
62462,0,0,-130
62482,0,0,-130
62502,0,0,-130
62522,0,0,-130
62541,0,0,-130
62561,0,0,-130
62581,0,0,-130
62601,0,0,-130
62620,0,0,-130
62641,0,0,-130
62660,0,0,-130
62680,0,0,-130
62700,0,0,-130
62720,0,0,-130
62739,0,0,-130
62758,0,0,-130
62779,0,0,-130
62798,0,0,-130
62818,0,0,-130
62838,0,0,-130
62858,0,0,-130
62877,0,0,-130
62898,0,0,-130
62917,0,0,-130
62937,0,0,-130
62956,0,0,-130
62977,0,0,-130
62996,0,0,-130
63015,0,0,-130
63036,0,0,-130
63055,0,0,-130
63075,0,0,-130
63095,0,0,-130
63115,0,0,-130
63134,0,0,-130
63154,0,0,-130
63174,0,0,-130
63194,0,0,-130
63213,0,0,-130
63234,0,0,-130
63253,0,0,-130
63272,0,0,-130
63292,0,0,-130
63312,0,0,-130
63332,0,0,-130
63351,0,0,-130
63372,0,0,-130
63391,0,0,-130
63411,0,0,-130
63431,0,0,-130
63451,0,0,-130
63470,0,0,-130
63490,0,0,-130
63510,0,0,-130
63529,0,0,-130
63549,0,0,-130
63569,0,0,-130
63589,0,0,-130
63608,0,0,-130
63629,0,0,-130
63648,0,0,-130
63668,0,0,-130
63687,0,0,-130
63708,0,0,-130
63727,0,0,-130
63747,0,0,-130
63767,0,0,-130
63787,0,0,-130
63806,0,0,-130
63825,0,0,-130
63846,0,0,-130
63865,0,0,-130
63885,0,0,-130
63905,0,0,-130
63925,0,0,-130
63944,0,0,-130
63965,0,0,-130
63984,0,0,-130
64004,0,0,-130
64023,0,0,-130
64044,0,0,-130
64063,0,0,-130
64082,0,0,-130
64103,0,0,-130
64122,0,0,-130
64142,0,0,-130
64162,0,0,-130
64182,0,0,-130
64201,0,0,-130
64221,0,0,-130
64241,0,0,-130
64261,0,0,-130
64280,0,0,-130
64301,0,0,-130
64320,0,0,-130
64339,0,0,-130
64360,0,0,-130
64379,0,0,-130
64399,0,0,-130
64418,0,0,-130
64439,0,0,-130
64458,0,0,-130
64478,0,0,-130
64498,0,0,-130
64518,0,0,-130
64537,0,0,-130
64557,0,0,-130
64577,0,0,-130
64596,0,0,-130
64616,0,0,-130
64636,0,0,-130
64656,0,0,-130
64675,0,0,-130
64696,0,0,-130
64715,0,0,-130
64735,0,0,-130
64754,0,0,-130
64775,0,0,-130
64794,0,0,-130
64814,0,0,-130
64834,0,0,-130
64854,0,0,-130
64873,0,0,-130
64893,0,0,-130
64913,0,0,-130
64932,0,0,-130
64952,0,0,-130
64972,0,0,-130
64992,0,0,-130
65011,0,0,-130
65032,0,0,-130
65051,0,0,-130
65071,0,0,-130
65090,0,0,-130
65111,0,0,-130
65130,0,0,-130
65149,0,0,-130
65170,0,0,-130
65189,0,0,-130
65209,0,0,-130
65229,0,0,-130
65249,0,0,-130
65268,0,0,-130
65288,0,0,-130
